logged_at,target_date,predicted_price_myr_g,predicted_price_usd,actual_price_usd,actual_price_myr_g,error_usd,percentage_error,model_name
2025-01-14 00:00:00,2025-01-15,383.57,2680.97,2712.5,388.08,31.53,1.16,HistGradientBoosting
2025-01-15 00:00:00,2025-01-16,387.85,2710.88,2746.4,392.93,35.52,1.29,HistGradientBoosting
2025-01-16 00:00:00,2025-01-17,393.81,2752.58,2744.3,392.63,8.28,0.3,HistGradientBoosting
2025-01-17 00:00:00,2025-01-21,393.86,2752.9,2755.0,394.16,2.1,0.08,HistGradientBoosting
2025-01-21 00:00:00,2025-01-22,393.02,2747.02,2767.6,395.96,20.58,0.74,HistGradientBoosting
2025-01-22 00:00:00,2025-01-23,394.12,2754.71,2763.1,395.32,8.39,0.3,HistGradientBoosting
2025-01-23 00:00:00,2025-01-24,394.41,2756.77,2777.3,397.35,20.53,0.74,HistGradientBoosting
2025-01-24 00:00:00,2025-01-27,396.12,2768.68,2737.5,391.66,31.18,1.14,HistGradientBoosting
2025-01-27 00:00:00,2025-01-28,391.73,2738.04,2766.8,395.85,28.76,1.04,HistGradientBoosting
2025-01-28 00:00:00,2025-01-29,396.09,2768.46,2769.1,396.18,0.64,0.02,HistGradientBoosting
2025-01-29 00:00:00,2025-01-30,397.48,2778.23,2823.0,403.89,44.77,1.59,HistGradientBoosting
2025-01-30 00:00:00,2025-01-31,403.58,2820.85,2812.5,402.39,8.35,0.3,HistGradientBoosting
2025-01-31 00:00:00,2025-02-03,403.0,2816.81,2833.9,405.45,17.09,0.6,HistGradientBoosting
2025-02-03 00:00:00,2025-02-04,403.99,2823.69,2853.3,408.22,29.61,1.04,HistGradientBoosting
2025-02-04 00:00:00,2025-02-05,407.32,2847.01,2871.6,410.84,24.59,0.86,HistGradientBoosting
2025-02-05 00:00:00,2025-02-06,409.93,2865.21,2856.0,408.61,9.21,0.32,HistGradientBoosting
2025-02-06 00:00:00,2025-02-07,409.89,2864.94,2867.3,410.23,2.36,0.08,HistGradientBoosting
2025-02-07 00:00:00,2025-02-10,409.35,2861.19,2914.3,416.95,53.11,1.82,HistGradientBoosting
2025-02-10 00:00:00,2025-02-11,419.07,2929.14,2912.5,416.69,16.64,0.57,HistGradientBoosting
2025-02-11 00:00:00,2025-02-12,418.19,2922.98,2909.0,416.19,13.98,0.48,HistGradientBoosting
2025-02-12 00:00:00,2025-02-13,416.32,2909.91,2925.9,418.61,15.99,0.55,HistGradientBoosting
2025-02-13 00:00:00,2025-02-14,417.01,2914.69,2883.6,412.56,31.09,1.08,HistGradientBoosting
2025-02-14 00:00:00,2025-02-18,413.56,2890.59,2931.6,419.43,41.01,1.4,HistGradientBoosting
2025-02-18 00:00:00,2025-02-19,418.29,2923.66,2919.4,417.68,4.26,0.15,HistGradientBoosting
2025-02-19 00:00:00,2025-02-20,417.96,2921.34,2940.0,420.63,18.66,0.63,HistGradientBoosting
2025-02-20 00:00:00,2025-02-21,419.7,2933.49,2937.6,420.28,4.11,0.14,HistGradientBoosting
2025-02-21 00:00:00,2025-02-24,420.24,2937.31,2947.9,421.76,10.59,0.36,HistGradientBoosting
2025-02-24 00:00:00,2025-02-25,419.84,2934.51,2904.5,415.55,30.01,1.03,HistGradientBoosting
2025-02-25 00:00:00,2025-02-26,414.87,2899.75,2916.8,417.31,17.05,0.58,HistGradientBoosting
2025-02-26 00:00:00,2025-02-27,416.11,2908.43,2883.2,412.5,25.23,0.88,HistGradientBoosting
2025-02-27 00:00:00,2025-02-28,413.52,2890.34,2836.8,405.86,53.54,1.89,HistGradientBoosting
2025-02-28 00:00:00,2025-03-03,410.25,2867.46,2890.2,413.5,22.74,0.79,HistGradientBoosting
2025-03-03 00:00:00,2025-03-04,415.26,2902.45,2909.6,416.28,7.15,0.25,HistGradientBoosting
2025-03-04 00:00:00,2025-03-05,413.76,2892.01,2915.3,417.09,23.29,0.8,HistGradientBoosting
2025-03-05 00:00:00,2025-03-06,415.2,2902.04,2916.6,417.28,14.56,0.5,HistGradientBoosting
2025-03-06 00:00:00,2025-03-07,417.08,2915.22,2904.7,415.58,10.52,0.36,HistGradientBoosting
2025-03-07 00:00:00,2025-03-10,416.19,2909.01,2891.0,413.62,18.01,0.62,HistGradientBoosting
2025-03-10 00:00:00,2025-03-11,414.08,2894.22,2912.9,416.75,18.68,0.64,HistGradientBoosting
2025-03-11 00:00:00,2025-03-12,416.44,2910.73,2939.1,420.5,28.37,0.97,HistGradientBoosting
2025-03-12 00:00:00,2025-03-13,420.67,2940.33,2984.3,426.97,43.97,1.47,HistGradientBoosting
2025-03-13 00:00:00,2025-03-14,427.08,2985.09,2994.5,428.43,9.41,0.31,HistGradientBoosting
2025-03-14 00:00:00,2025-03-17,428.88,2997.64,3000.0,429.21,2.36,0.08,HistGradientBoosting
2025-03-17 00:00:00,2025-03-18,429.35,3000.93,3035.1,434.23,34.17,1.13,HistGradientBoosting
2025-03-18 00:00:00,2025-03-19,433.35,3028.88,3035.9,434.35,7.01,0.23,HistGradientBoosting
2025-03-19 00:00:00,2025-03-20,433.07,3026.97,3040.0,434.94,13.03,0.43,HistGradientBoosting
2025-03-20 00:00:00,2025-03-21,432.48,3022.85,3018.2,431.82,4.65,0.15,HistGradientBoosting
2025-03-21 00:00:00,2025-03-24,430.58,3009.56,3013.1,431.09,3.54,0.12,HistGradientBoosting
2025-03-24 00:00:00,2025-03-25,428.95,2998.16,3023.7,432.6,25.54,0.84,HistGradientBoosting
2025-03-25 00:00:00,2025-03-26,431.14,3013.5,3020.9,432.2,7.4,0.24,HistGradientBoosting
2025-03-26 00:00:00,2025-03-27,431.92,3018.94,3060.2,437.83,41.26,1.35,HistGradientBoosting
2025-03-27 00:00:00,2025-03-28,437.5,3057.9,3086.5,441.59,28.6,0.93,HistGradientBoosting
2025-03-28 00:00:00,2025-03-31,439.94,3074.99,3122.8,446.78,47.81,1.53,HistGradientBoosting
2025-03-31 00:00:00,2025-04-01,443.91,3102.7,3118.9,446.22,16.2,0.52,HistGradientBoosting
2025-04-01 00:00:00,2025-04-02,445.17,3111.56,3139.9,449.23,28.34,0.9,HistGradientBoosting
2025-04-02 00:00:00,2025-04-03,447.85,3130.26,3097.0,443.09,33.26,1.07,HistGradientBoosting
2025-04-03 00:00:00,2025-04-04,444.24,3105.05,3012.0,430.93,93.05,3.09,HistGradientBoosting
2025-04-04 00:00:00,2025-04-07,432.42,3022.42,2951.3,422.24,71.12,2.41,HistGradientBoosting
2025-04-07 00:00:00,2025-04-08,424.43,2966.55,2968.4,424.69,1.85,0.06,HistGradientBoosting
2025-04-08 00:00:00,2025-04-09,425.01,2970.61,3056.5,437.3,85.89,2.81,HistGradientBoosting
2025-04-09 00:00:00,2025-04-10,439.49,3071.83,3155.2,451.42,83.37,2.64,HistGradientBoosting
2025-04-10 00:00:00,2025-04-11,449.32,3140.55,3222.2,461.0,81.65,2.53,HistGradientBoosting
2025-04-11 00:00:00,2025-04-14,458.44,3204.28,3204.8,458.51,0.52,0.02,HistGradientBoosting
2025-04-14 00:00:00,2025-04-15,457.05,3194.56,3218.7,460.5,24.14,0.75,HistGradientBoosting
2025-04-15 00:00:00,2025-04-16,456.33,3189.52,3326.6,475.94,137.08,4.12,HistGradientBoosting
2025-04-16 00:00:00,2025-04-17,469.81,3283.76,3308.7,473.38,24.94,0.75,HistGradientBoosting
2025-04-17 00:00:00,2025-04-21,471.14,3293.07,3406.2,487.33,113.13,3.32,HistGradientBoosting
2025-04-21 00:00:00,2025-04-22,481.96,3368.71,3400.8,486.56,32.09,0.94,HistGradientBoosting
2025-04-22 00:00:00,2025-04-23,480.82,3360.72,3276.3,468.74,84.42,2.58,HistGradientBoosting
2025-04-23 00:00:00,2025-04-24,469.76,3283.39,3332.0,476.71,48.61,1.46,HistGradientBoosting
2025-04-24 00:00:00,2025-04-25,477.4,3336.8,3282.4,469.62,54.4,1.66,HistGradientBoosting
2025-04-25 00:00:00,2025-04-28,470.03,3285.29,3332.5,476.78,47.21,1.42,HistGradientBoosting
2025-04-28 00:00:00,2025-04-29,478.49,3344.46,3318.8,474.82,25.66,0.77,HistGradientBoosting
2025-04-29 00:00:00,2025-04-30,476.61,3331.29,3305.0,472.85,26.29,0.8,HistGradientBoosting
2025-04-30 00:00:00,2025-05-01,472.4,3301.86,3210.0,459.26,91.86,2.86,HistGradientBoosting
2025-05-01 00:00:00,2025-05-02,463.19,3237.47,3231.9,462.39,5.57,0.17,HistGradientBoosting
2025-05-02 00:00:00,2025-05-05,462.15,3230.19,3311.3,473.75,81.11,2.45,HistGradientBoosting
2025-05-05 00:00:00,2025-05-06,473.97,3312.87,3411.4,488.07,98.53,2.89,HistGradientBoosting
2025-05-06 00:00:00,2025-05-07,485.52,3393.56,3381.4,483.78,12.16,0.36,HistGradientBoosting
2025-05-07 00:00:00,2025-05-08,483.24,3377.64,3296.6,471.65,81.04,2.46,HistGradientBoosting
2025-05-08 00:00:00,2025-05-09,470.48,3288.45,3335.4,477.2,46.95,1.41,HistGradientBoosting
2025-05-09 00:00:00,2025-05-12,473.84,3311.9,3220.0,460.69,91.9,2.85,HistGradientBoosting
2025-05-12 00:00:00,2025-05-13,454.73,3178.34,3240.3,463.59,61.96,1.91,HistGradientBoosting
2025-05-13 00:00:00,2025-05-14,466.06,3257.55,3181.4,455.17,76.15,2.39,HistGradientBoosting
2025-05-14 00:00:00,2025-05-15,453.08,3166.81,3220.7,460.79,53.89,1.67,HistGradientBoosting
2025-05-15 00:00:00,2025-05-16,461.62,3226.52,3182.0,455.25,44.52,1.4,HistGradientBoosting
2025-05-16 00:00:00,2025-05-19,458.15,3202.26,3228.9,461.96,26.64,0.83,HistGradientBoosting
2025-05-19 00:00:00,2025-05-20,461.36,3224.7,3280.3,469.32,55.6,1.69,HistGradientBoosting
2025-05-20 00:00:00,2025-05-21,469.07,3278.57,3309.3,473.46,30.73,0.93,HistGradientBoosting
2025-05-21 00:00:00,2025-05-22,468.19,3272.4,3292.3,471.03,19.9,0.6,HistGradientBoosting
2025-05-22 00:00:00,2025-05-23,465.72,3255.18,3363.6,481.23,108.42,3.22,HistGradientBoosting
2025-05-23 00:00:00,2025-05-27,477.07,3334.48,3299.1,472.0,35.38,1.07,HistGradientBoosting
2025-05-27 00:00:00,2025-05-28,472.31,3301.24,3293.6,471.22,7.64,0.23,HistGradientBoosting
2025-05-28 00:00:00,2025-05-29,469.58,3282.16,3317.1,474.58,34.94,1.05,HistGradientBoosting
2025-05-29 00:00:00,2025-05-30,470.1,3285.81,3288.9,470.55,3.09,0.09,HistGradientBoosting
2025-05-30 00:00:00,2025-06-02,471.63,3296.45,3370.6,482.23,74.15,2.2,HistGradientBoosting
2025-06-02 00:00:00,2025-06-03,482.18,3370.22,3350.2,479.32,20.02,0.6,HistGradientBoosting
2025-06-03 00:00:00,2025-06-04,478.06,3341.43,3373.5,482.65,32.07,0.95,HistGradientBoosting
2025-06-04 00:00:00,2025-06-05,482.19,3370.31,3350.7,479.39,19.61,0.59,HistGradientBoosting
2025-06-05 00:00:00,2025-06-06,479.6,3352.16,3322.7,475.38,29.46,0.89,HistGradientBoosting
2025-06-06 00:00:00,2025-06-09,477.03,3334.21,3332.1,476.73,2.11,0.06,HistGradientBoosting
2025-06-09 00:00:00,2025-06-10,476.36,3329.51,3320.9,475.12,8.61,0.26,HistGradientBoosting
2025-06-10 00:00:00,2025-06-11,473.79,3311.6,3321.3,475.18,9.7,0.29,HistGradientBoosting
2025-06-11 00:00:00,2025-06-12,474.64,3317.5,3380.9,483.71,63.4,1.88,HistGradientBoosting
2025-06-12 00:00:00,2025-06-13,484.14,3383.92,3431.2,490.9,47.28,1.38,HistGradientBoosting
2025-06-13 00:00:00,2025-06-16,490.53,3428.56,3396.4,485.93,32.17,0.95,HistGradientBoosting
2025-06-16 00:00:00,2025-06-17,486.67,3401.6,3386.6,484.52,15.0,0.44,HistGradientBoosting
2025-06-17 00:00:00,2025-06-18,484.96,3389.64,3389.8,484.98,0.16,0.0,HistGradientBoosting
2025-06-18 00:00:00,2025-06-20,485.94,3396.51,3368.1,481.88,28.41,0.84,HistGradientBoosting
2025-06-20 00:00:00,2025-06-23,482.44,3372.01,3377.7,483.25,5.69,0.17,HistGradientBoosting
2025-06-23 00:00:00,2025-06-24,481.91,3368.3,3317.4,474.62,50.91,1.53,HistGradientBoosting
2025-06-24 00:00:00,2025-06-25,474.84,3318.94,3327.1,476.01,8.16,0.25,HistGradientBoosting
2025-06-25 00:00:00,2025-06-26,474.63,3317.41,3333.5,476.93,16.09,0.48,HistGradientBoosting
2025-06-26 00:00:00,2025-06-27,475.71,3325.03,3273.7,468.37,51.33,1.57,HistGradientBoosting
2025-06-27 00:00:00,2025-06-30,473.74,3311.25,3294.4,471.33,16.85,0.51,HistGradientBoosting
2025-06-30 00:00:00,2025-07-01,472.38,3301.71,3336.7,477.38,34.99,1.05,HistGradientBoosting
2025-07-01 00:00:00,2025-07-02,477.45,3337.19,3348.0,479.0,10.81,0.32,HistGradientBoosting
2025-07-02 00:00:00,2025-07-03,478.91,3347.36,3331.6,476.65,15.76,0.47,HistGradientBoosting
2025-07-03 00:00:00,2025-07-04,476.92,3333.42,3332.5,476.78,0.92,0.03,HistGradientBoosting
2025-07-04 00:00:00,2025-07-07,476.19,3328.33,3332.2,476.74,3.87,0.12,HistGradientBoosting
2025-07-07 00:00:00,2025-07-08,477.17,3335.19,3307.0,473.14,28.19,0.85,HistGradientBoosting
2025-07-08 00:00:00,2025-07-09,473.07,3306.56,3311.6,473.79,5.04,0.15,HistGradientBoosting
2025-07-09 00:00:00,2025-07-10,473.69,3310.88,3317.4,474.62,6.52,0.2,HistGradientBoosting
2025-07-10 00:00:00,2025-07-11,474.49,3316.5,3356.0,480.15,39.5,1.18,HistGradientBoosting
2025-07-11 00:00:00,2025-07-14,480.66,3359.62,3351.5,479.5,8.12,0.24,HistGradientBoosting
2025-07-14 00:00:00,2025-07-15,479.41,3350.89,3329.8,476.4,21.09,0.63,HistGradientBoosting
2025-07-15 00:00:00,2025-07-16,476.3,3329.13,3352.5,479.64,23.37,0.7,HistGradientBoosting
2025-07-16 00:00:00,2025-07-17,479.35,3350.44,3340.1,477.87,10.34,0.31,HistGradientBoosting
2025-07-17 00:00:00,2025-07-18,478.19,3342.3,3353.0,479.72,10.7,0.32,HistGradientBoosting
2025-07-18 00:00:00,2025-07-21,479.56,3351.89,3401.9,486.71,50.01,1.47,HistGradientBoosting
2025-07-21 00:00:00,2025-07-22,486.82,3402.68,3439.2,492.05,36.52,1.06,HistGradientBoosting
2025-07-22 00:00:00,2025-07-23,491.5,3435.35,3394.1,485.6,41.25,1.22,HistGradientBoosting
2025-07-23 00:00:00,2025-07-24,485.38,3392.57,3371.0,482.29,21.57,0.64,HistGradientBoosting
2025-07-24 00:00:00,2025-07-25,482.42,3371.92,3334.0,477.0,37.92,1.14,HistGradientBoosting
2025-07-25 00:00:00,2025-07-28,477.58,3338.05,3309.1,473.44,28.95,0.87,HistGradientBoosting
2025-07-28 00:00:00,2025-07-29,473.58,3310.14,3323.4,475.48,13.26,0.4,HistGradientBoosting
2025-07-29 00:00:00,2025-07-30,475.78,3325.49,3295.8,471.53,29.69,0.9,HistGradientBoosting
2025-07-30 00:00:00,2025-07-31,473.09,3306.67,3293.2,471.16,13.47,0.41,HistGradientBoosting
2025-07-31 00:00:00,2025-08-01,472.08,3299.62,3347.7,478.96,48.08,1.44,HistGradientBoosting
2025-08-01 00:00:00,2025-08-04,478.36,3343.55,3374.4,482.78,30.85,0.91,HistGradientBoosting
2025-08-04 00:00:00,2025-08-05,482.85,3374.88,3381.9,483.85,7.02,0.21,HistGradientBoosting
2025-08-05 00:00:00,2025-08-06,484.12,3383.77,3380.0,483.58,3.77,0.11,HistGradientBoosting
2025-08-06 00:00:00,2025-08-07,483.71,3380.91,3400.3,486.48,19.39,0.57,HistGradientBoosting
2025-08-07 00:00:00,2025-08-08,486.76,3402.2,3439.1,492.03,36.9,1.07,HistGradientBoosting
2025-08-08 00:00:00,2025-08-11,492.01,3438.9,3353.1,479.73,85.8,2.56,HistGradientBoosting
2025-08-11 00:00:00,2025-08-12,479.84,3353.85,3348.9,479.13,4.95,0.15,HistGradientBoosting
2025-08-12 00:00:00,2025-08-13,479.53,3351.68,3358.7,480.53,7.02,0.21,HistGradientBoosting
2025-08-13 00:00:00,2025-08-14,480.72,3360.0,3335.2,477.17,24.8,0.74,HistGradientBoosting
2025-08-14 00:00:00,2025-08-15,476.37,3329.6,3336.0,477.28,6.4,0.19,HistGradientBoosting
2025-08-15 00:00:00,2025-08-18,477.48,3337.36,3331.7,476.67,5.66,0.17,HistGradientBoosting
2025-08-18 00:00:00,2025-08-19,476.85,3332.93,3313.4,474.05,19.53,0.59,HistGradientBoosting
2025-08-19 00:00:00,2025-08-20,474.68,3317.82,3343.4,478.34,25.58,0.76,HistGradientBoosting
2025-08-20 00:00:00,2025-08-21,478.14,3341.98,3336.9,477.41,5.08,0.15,HistGradientBoosting
2025-08-21 00:00:00,2025-08-22,477.54,3337.82,3374.4,482.78,36.58,1.08,HistGradientBoosting
2025-08-22 00:00:00,2025-08-25,482.64,3373.47,3373.8,482.69,0.33,0.01,HistGradientBoosting
2025-08-25 00:00:00,2025-08-26,482.62,3373.29,3388.6,484.81,15.31,0.45,HistGradientBoosting
2025-08-26 00:00:00,2025-08-27,484.61,3387.19,3404.6,487.1,17.41,0.51,HistGradientBoosting
2025-08-27 00:00:00,2025-08-28,487.04,3404.16,3431.8,490.99,27.64,0.81,HistGradientBoosting
2025-08-28 00:00:00,2025-08-29,490.65,3429.43,3473.7,496.99,44.27,1.27,HistGradientBoosting
2025-08-29 00:00:00,2025-09-02,496.97,3473.6,3549.4,507.82,75.8,2.14,HistGradientBoosting
2025-09-02 00:00:00,2025-09-03,508.06,3551.1,3593.2,514.08,42.1,1.17,HistGradientBoosting
2025-09-03 00:00:00,2025-09-04,510.43,3567.68,3565.8,510.16,1.88,0.05,HistGradientBoosting
2025-09-04 00:00:00,2025-09-05,510.87,3570.78,3613.2,516.94,42.42,1.17,HistGradientBoosting
2025-09-05 00:00:00,2025-09-08,514.53,3596.32,3638.1,520.51,41.78,1.15,HistGradientBoosting
2025-09-08 00:00:00,2025-09-09,520.35,3637.0,3643.3,521.25,6.3,0.17,HistGradientBoosting
2025-09-09 00:00:00,2025-09-10,520.78,3640.01,3643.6,521.29,3.59,0.1,HistGradientBoosting
2025-09-10 00:00:00,2025-09-11,520.98,3641.42,3636.9,520.33,4.52,0.12,HistGradientBoosting
2025-09-11 00:00:00,2025-09-12,520.33,3636.85,3649.4,522.12,12.55,0.34,HistGradientBoosting
2025-09-12 00:00:00,2025-09-15,520.15,3635.63,3682.2,526.82,46.57,1.26,HistGradientBoosting
2025-09-15 00:00:00,2025-09-16,525.52,3673.14,3688.9,527.77,15.76,0.43,HistGradientBoosting
2025-09-16 00:00:00,2025-09-17,523.96,3662.26,3681.8,526.76,19.54,0.53,HistGradientBoosting
2025-09-17 00:00:00,2025-09-18,524.87,3668.64,3643.7,521.31,24.94,0.68,HistGradientBoosting
2025-09-18 00:00:00,2025-09-19,521.99,3648.5,3671.5,525.28,23.0,0.63,HistGradientBoosting
2025-09-19 00:00:00,2025-09-22,522.42,3651.49,3740.7,535.19,89.21,2.38,HistGradientBoosting
2025-09-22 00:00:00,2025-09-23,534.49,3735.81,3780.6,540.89,44.79,1.18,HistGradientBoosting
2025-09-23 00:00:00,2025-09-24,539.75,3772.63,3732.1,533.95,40.53,1.09,HistGradientBoosting
2025-09-24 00:00:00,2025-09-25,533.9,3731.75,3736.9,534.64,5.15,0.14,HistGradientBoosting
2025-09-25 00:00:00,2025-09-26,533.3,3727.51,3775.3,540.14,47.79,1.27,HistGradientBoosting
2025-09-26 00:00:00,2025-09-29,539.67,3772.08,3820.9,546.66,48.82,1.28,HistGradientBoosting
2025-09-29 00:00:00,2025-09-30,545.38,3811.98,3840.8,549.51,28.82,0.75,HistGradientBoosting
2025-09-30 00:00:00,2025-10-01,548.24,3831.97,3867.5,553.33,35.53,0.92,HistGradientBoosting
2025-10-01 00:00:00,2025-10-02,552.97,3864.99,3839.7,549.35,25.29,0.66,HistGradientBoosting
2025-10-02 00:00:00,2025-10-03,551.96,3857.92,3880.8,555.23,22.88,0.59,HistGradientBoosting
2025-10-03 00:00:00,2025-10-06,556.31,3888.38,3948.5,564.92,60.12,1.52,HistGradientBoosting
2025-10-06 00:00:00,2025-10-07,564.06,3942.55,3976.6,568.94,34.05,0.86,HistGradientBoosting
2025-10-07 00:00:00,2025-10-08,564.04,3942.38,4043.3,578.48,100.92,2.5,HistGradientBoosting
2025-10-08 00:00:00,2025-10-09,577.06,4033.4,3946.3,564.6,87.1,2.21,HistGradientBoosting
2025-10-09 00:00:00,2025-10-10,565.49,3952.51,3975.9,568.84,23.39,0.59,HistGradientBoosting
2025-10-10 00:00:00,2025-10-13,566.08,3956.66,4108.6,587.82,151.94,3.7,HistGradientBoosting
2025-10-13 00:00:00,2025-10-14,584.86,4087.91,4138.7,592.13,50.79,1.23,HistGradientBoosting
2025-10-14 00:00:00,2025-10-15,589.32,4119.09,4176.9,597.59,57.81,1.38,HistGradientBoosting
2025-10-15 00:00:00,2025-10-16,594.71,4156.77,4280.2,612.37,123.43,2.88,HistGradientBoosting
2025-10-16 00:00:00,2025-10-17,608.52,4253.26,4189.9,599.45,63.36,1.51,HistGradientBoosting
2025-10-17 00:00:00,2025-10-20,593.08,4145.34,4336.4,620.41,191.06,4.41,HistGradientBoosting
2025-10-20 00:00:00,2025-10-21,611.99,4277.55,4087.7,584.83,189.85,4.64,HistGradientBoosting
2025-10-21 00:00:00,2025-10-22,590.76,4129.14,4044.4,578.64,84.74,2.1,HistGradientBoosting
2025-10-22 00:00:00,2025-10-23,588.17,4111.03,4125.5,590.24,14.47,0.35,HistGradientBoosting
2025-10-23 00:00:00,2025-10-24,591.14,4131.83,4118.4,589.22,13.43,0.33,HistGradientBoosting
2025-10-24 00:00:00,2025-10-27,597.21,4174.25,4001.9,572.56,172.35,4.31,HistGradientBoosting
2025-10-27 00:00:00,2025-10-28,575.35,4021.46,3966.2,567.45,55.26,1.39,HistGradientBoosting
2025-10-28 00:00:00,2025-10-29,567.14,3964.06,3983.7,569.95,19.64,0.49,HistGradientBoosting
2025-10-29 00:00:00,2025-10-30,571.1,3991.76,4001.3,572.47,9.54,0.24,HistGradientBoosting
2025-10-30 00:00:00,2025-10-31,576.71,4030.96,3982.2,569.74,48.76,1.22,HistGradientBoosting
2025-10-31 00:00:00,2025-11-03,575.02,4019.12,4000.3,572.33,18.82,0.47,HistGradientBoosting
2025-11-03 00:00:00,2025-11-04,576.21,4027.46,3947.7,564.8,79.76,2.02,HistGradientBoosting
2025-11-04 00:00:00,2025-11-05,567.18,3964.33,3980.3,569.46,15.97,0.4,HistGradientBoosting
2025-11-05 00:00:00,2025-11-06,568.18,3971.34,3979.9,569.41,8.56,0.22,HistGradientBoosting
2025-11-06 00:00:00,2025-11-07,569.25,3978.77,3999.4,572.2,20.63,0.52,HistGradientBoosting
2025-11-07 00:00:00,2025-11-10,571.9,3997.31,4111.8,588.28,114.49,2.78,HistGradientBoosting
2025-11-10 00:00:00,2025-11-11,589.72,4121.84,4106.8,587.56,15.04,0.37,HistGradientBoosting
2025-11-11 00:00:00,2025-11-12,581.42,4063.87,4204.4,601.53,140.53,3.34,HistGradientBoosting
2025-11-12 00:00:00,2025-11-13,597.91,4179.14,4186.9,599.02,7.76,0.19,HistGradientBoosting
2025-11-13 00:00:00,2025-11-14,593.56,4148.73,4087.6,584.82,61.13,1.5,HistGradientBoosting
2025-11-14 00:00:00,2025-11-17,585.2,4090.27,4068.3,582.06,21.97,0.54,HistGradientBoosting
2025-11-17 00:00:00,2025-11-18,578.23,4041.6,4061.3,581.05,19.7,0.49,HistGradientBoosting
2025-11-18 00:00:00,2025-11-19,576.11,4026.78,4077.7,583.4,50.92,1.25,HistGradientBoosting
2025-11-19 00:00:00,2025-11-20,579.3,4049.07,4056.5,580.37,7.43,0.18,HistGradientBoosting
2025-11-20 00:00:00,2025-11-21,578.02,4040.1,4076.7,583.26,36.6,0.9,HistGradientBoosting
2025-11-21 00:00:00,2025-11-24,580.73,4059.04,4091.9,585.43,32.86,0.8,HistGradientBoosting
2025-11-24 00:00:00,2025-11-25,583.16,4076.02,4139.2,592.2,63.18,1.53,HistGradientBoosting
2025-11-25 00:00:00,2025-11-26,591.57,4134.81,4165.2,595.92,30.39,0.73,HistGradientBoosting
2025-11-26 00:00:00,2025-11-28,594.25,4153.53,4218.3,603.52,64.76,1.54,HistGradientBoosting
2025-11-28 00:00:00,2025-12-01,598.98,4186.57,4239.3,606.52,52.73,1.24,HistGradientBoosting
2025-12-01 00:00:00,2025-12-02,599.92,4193.16,4186.6,598.98,6.56,0.16,HistGradientBoosting
2025-12-02 00:00:00,2025-12-03,598.3,4181.82,4199.3,600.8,17.48,0.42,HistGradientBoosting
2025-12-03 00:00:00,2025-12-04,598.11,4180.52,4211.8,602.59,31.27,0.74,HistGradientBoosting
2025-12-04 00:00:00,2025-12-05,600.25,4195.45,4212.9,602.74,17.45,0.41,HistGradientBoosting
2025-12-05 00:00:00,2025-12-08,599.8,4192.36,4187.2,599.07,5.16,0.12,HistGradientBoosting
2025-12-08 00:00:00,2025-12-09,597.85,4178.7,4206.7,601.86,28.0,0.67,HistGradientBoosting
2025-12-09 00:00:00,2025-12-10,601.33,4203.03,4196.4,600.38,6.63,0.16,HistGradientBoosting
2025-12-10 00:00:00,2025-12-11,599.37,4189.35,4285.5,613.13,96.15,2.24,HistGradientBoosting
2025-12-11 00:00:00,2025-12-12,612.16,4278.74,4300.1,615.22,21.36,0.5,HistGradientBoosting
2025-12-12 00:00:00,2025-12-15,613.4,4287.4,4306.7,616.16,19.3,0.45,HistGradientBoosting
2025-12-15 00:00:00,2025-12-16,614.72,4296.58,4304.5,615.85,7.92,0.18,HistGradientBoosting
2025-12-16 00:00:00,2025-12-17,614.12,4292.39,4347.5,622.0,55.11,1.27,HistGradientBoosting
2025-12-17 00:00:00,2025-12-18,619.12,4327.34,4339.5,620.86,12.16,0.28,HistGradientBoosting
2025-12-18 00:00:00,2025-12-19,620.53,4337.21,4361.4,623.99,24.19,0.55,HistGradientBoosting
2025-12-19 00:00:00,2025-12-22,621.83,4346.33,4444.6,635.89,98.27,2.21,HistGradientBoosting
2025-12-22 00:00:00,2025-12-23,634.18,4432.6,4482.8,641.36,50.2,1.12,HistGradientBoosting
2025-12-23 00:00:00,2025-12-24,638.93,4465.83,4480.6,641.04,14.77,0.33,HistGradientBoosting
2025-12-24 00:00:00,2025-12-26,638.94,4465.89,4529.1,647.98,63.21,1.4,HistGradientBoosting
2025-12-26 00:00:00,2025-12-29,647.3,4524.3,4325.1,618.8,199.2,4.61,HistGradientBoosting
2025-12-29 00:00:00,2025-12-30,619.19,4327.89,4370.1,625.23,42.21,0.97,HistGradientBoosting
2025-12-30 00:00:00,2025-12-31,621.59,4344.66,4325.6,618.87,19.06,0.44,HistGradientBoosting
2025-12-31 00:00:00,2026-01-02,622.49,4350.94,4314.4,617.26,36.54,0.85,HistGradientBoosting
2026-01-02 00:00:00,2026-01-05,622.05,4347.84,4436.9,634.79,89.06,2.01,HistGradientBoosting
2026-01-05 00:00:00,2026-01-06,637.26,4454.13,4482.2,641.27,28.07,0.63,HistGradientBoosting
2026-01-06 00:00:00,2026-01-07,638.69,4464.15,4449.3,636.56,14.85,0.33,HistGradientBoosting
2026-01-07 00:00:00,2026-01-08,634.04,4431.67,4449.7,636.62,18.03,0.41,HistGradientBoosting
2026-01-08 00:00:00,2026-01-09,634.26,4433.2,4490.3,642.43,57.1,1.27,HistGradientBoosting
2026-01-09 00:00:00,2026-01-12,641.82,4486.05,4604.3,658.74,118.25,2.57,HistGradientBoosting
2026-01-12 00:00:00,2026-01-13,658.65,4603.68,4589.2,656.58,14.48,0.32,HistGradientBoosting
2026-01-13 00:00:00,2026-01-14,655.97,4584.91,4626.3,661.89,41.39,0.89,HistGradientBoosting
2026-01-14 00:00:00,2026-01-15,655.37,4580.77,4616.3,660.46,35.53,0.77,HistGradientBoosting
2026-01-15 00:00:00,2026-01-16,657.51,4595.72,4588.4,656.47,7.32,0.16,HistGradientBoosting
2026-01-16 00:00:00,2026-01-20,653.11,4564.91,4759.6,680.96,194.69,4.09,HistGradientBoosting
2026-01-20 00:00:00,2026-01-21,677.01,4732.01,4831.8,691.29,99.79,2.07,HistGradientBoosting
2026-01-21 00:00:00,2026-01-22,686.95,4801.44,4908.8,702.31,107.36,2.19,HistGradientBoosting
2026-01-22 00:00:00,2026-01-23,696.53,4868.41,4976.2,711.95,107.79,2.17,HistGradientBoosting
2026-01-23 00:00:00,2026-01-26,704.5,4924.11,5079.7,726.76,155.59,3.06,HistGradientBoosting
2026-01-26 00:00:00,2026-01-27,720.7,5037.36,5079.9,726.79,42.54,0.84,HistGradientBoosting
2026-01-27 00:00:00,2026-01-28,718.37,5021.09,5301.6,758.5,280.51,5.29,HistGradientBoosting
2026-01-28 00:00:00,2026-01-29,752.06,5256.58,5318.4,760.91,61.82,1.16,HistGradientBoosting
2026-01-29 00:00:00,2026-01-30,752.19,5257.49,4713.9,674.42,543.59,11.53,HistGradientBoosting
2026-01-30 00:00:00,2026-02-02,676.59,4729.04,4622.5,661.34,106.54,2.3,HistGradientBoosting
2026-02-02 00:00:00,2026-02-03,663.67,4638.75,4903.7,701.58,264.95,5.4,HistGradientBoosting
2026-02-03 00:00:00,2026-02-04,706.17,4935.81,4920.4,703.97,15.41,0.31,HistGradientBoosting
2026-02-04 00:00:00,2026-02-05,709.83,4961.42,4861.4,695.52,100.02,2.06,HistGradientBoosting
2026-02-05 00:00:00,2026-02-06,702.69,4911.47,4951.2,708.37,39.73,0.8,HistGradientBoosting
2026-02-06 00:00:00,2026-02-09,712.1,4977.27,5050.9,722.64,73.63,1.46,HistGradientBoosting
2026-02-09 00:00:00,2026-02-10,724.57,5064.44,5003.8,715.9,60.64,1.21,HistGradientBoosting
2026-02-10 00:00:00,2026-02-11,719.89,5031.71,5071.6,725.6,39.89,0.79,HistGradientBoosting
2026-02-11 00:00:00,2026-02-12,720.52,5036.13,4923.7,704.44,112.43,2.28,HistGradientBoosting
2026-02-12 00:00:00,2026-02-13,711.36,4972.06,5022.0,718.5,49.94,0.99,HistGradientBoosting
2026-02-13 00:00:00,2026-02-17,720.85,5038.41,4882.9,698.6,155.51,3.18,HistGradientBoosting
2026-02-17 00:00:00,2026-02-18,704.45,4923.79,4986.5,713.42,62.71,1.26,HistGradientBoosting
2026-02-18 00:00:00,2026-02-19,714.07,4990.99,4975.9,711.91,15.09,0.3,HistGradientBoosting
2026-02-19 00:00:00,2026-02-20,716.76,5009.8,5059.3,723.84,49.5,0.98,HistGradientBoosting
2026-02-20 00:00:00,2026-02-23,727.12,5082.23,5204.7,744.64,122.47,2.35,HistGradientBoosting
2026-02-23 00:00:00,2026-02-24,738.59,5162.4,5155.8,737.64,6.6,0.13,HistGradientBoosting
2026-02-24 00:00:00,2026-02-25,740.38,5174.92,5206.4,744.88,31.48,0.6,HistGradientBoosting
2026-02-25 00:00:00,2026-02-26,741.49,5182.65,5176.5,740.61,6.15,0.12,HistGradientBoosting
2026-02-26 00:00:00,2026-02-27,746.04,5214.46,5230.5,748.33,16.04,0.31,HistGradientBoosting
2026-02-27 00:00:00,2026-03-02,747.4,5223.96,5294.4,757.47,70.44,1.33,HistGradientBoosting
2026-03-02 00:00:00,2026-03-03,748.66,5232.79,5107.4,730.72,125.39,2.46,HistGradientBoosting
2026-03-03 00:00:00,2026-03-04,727.36,5083.91,5120.2,732.55,36.29,0.71,HistGradientBoosting
2026-03-04 00:00:00,2026-03-05,726.45,5077.57,5065.3,724.7,12.27,0.24,HistGradientBoosting
2026-03-05 00:00:00,2026-03-06,727.62,5085.77,5146.1,736.26,60.33,1.17,HistGradientBoosting
2026-03-06 00:00:00,2026-03-09,736.48,5147.69,5091.5,728.45,56.19,1.1,HistGradientBoosting
2026-03-09 00:00:00,2026-03-10,734.98,5137.18,5229.7,748.22,92.52,1.77,HistGradientBoosting
2026-03-10 00:00:00,2026-03-11,750.54,5245.96,5167.4,739.3,78.57,1.52,HistGradientBoosting
2026-03-11 00:00:00,2026-03-12,738.55,5162.11,5115.8,731.92,46.31,0.91,HistGradientBoosting
2026-03-12 00:00:00,2026-03-13,736.25,5146.05,5052.5,722.87,93.55,1.85,HistGradientBoosting
2026-03-13 00:00:00,2026-03-16,728.4,5091.17,4994.0,714.5,97.17,1.95,HistGradientBoosting
2026-03-16 00:00:00,2026-03-17,719.62,5029.81,5001.0,715.5,28.81,0.58,HistGradientBoosting
2026-03-17 00:00:00,2026-03-18,719.16,5026.57,4889.9,699.6,136.67,2.79,HistGradientBoosting
2026-03-18 00:00:00,2026-03-19,695.42,4860.69,4600.7,658.23,259.99,5.65,HistGradientBoosting
2026-03-19 00:00:00,2026-03-20,652.53,4560.92,4570.4,653.89,9.48,0.21,HistGradientBoosting
2026-03-20 00:00:00,2026-03-23,656.58,4589.22,4404.1,630.1,185.12,4.2,HistGradientBoosting
2026-03-23 00:00:00,2026-03-24,628.57,4393.42,4399.3,629.41,5.88,0.13,HistGradientBoosting
2026-03-24 00:00:00,2026-03-25,630.21,4404.86,4549.8,650.94,144.94,3.19,HistGradientBoosting
2026-03-25 00:00:00,2026-03-26,657.92,4598.59,4375.5,626.01,223.09,5.1,HistGradientBoosting
2026-03-26 00:00:00,2026-03-27,628.16,4390.56,4492.0,642.67,101.44,2.26,HistGradientBoosting
2026-03-27 00:00:00,2026-03-30,652.76,4562.48,4526.0,647.54,36.48,0.81,HistGradientBoosting
2026-03-30 00:00:00,2026-03-31,650.84,4549.08,4647.6,664.94,98.52,2.12,HistGradientBoosting
2026-03-31 00:00:00,2026-04-01,664.83,4646.87,4783.2,684.34,136.33,2.85,HistGradientBoosting
2026-04-01 00:00:00,2026-04-02,682.25,4768.59,4651.5,665.49,117.09,2.52,HistGradientBoosting
2026-04-02 00:00:00,2026-04-06,675.5,4721.46,4656.8,666.25,64.67,1.39,HistGradientBoosting
2026-04-06 00:00:00,2026-04-07,668.99,4675.94,4657.1,666.3,18.84,0.4,HistGradientBoosting
2026-04-07 00:00:00,2026-04-08,667.31,4664.19,4749.5,679.51,85.31,1.8,HistGradientBoosting
2026-04-08 00:00:00,2026-04-09,679.05,4746.23,4792.2,685.62,45.97,0.96,HistGradientBoosting
2026-04-09 00:00:00,2026-04-10,683.63,4778.27,4761.9,681.29,16.37,0.34,HistGradientBoosting
2026-04-10 00:00:00,2026-04-13,682.4,4769.67,4742.4,678.5,27.27,0.57,HistGradientBoosting
2026-04-13 00:00:00,2026-04-14,676.7,4729.81,4825.0,690.32,95.19,1.97,HistGradientBoosting
2026-04-14 00:00:00,2026-04-15,685.65,4792.36,4800.0,686.74,7.64,0.16,HistGradientBoosting
2026-04-15 00:00:00,2026-04-16,688.44,4811.85,4785.4,684.65,26.45,0.55,HistGradientBoosting
2026-04-16 00:00:00,2026-04-17,684.06,4781.3,4857.6,694.98,76.3,1.57,HistGradientBoosting
2026-04-17 00:00:00,2026-04-20,696.1,4865.45,4806.6,687.68,58.85,1.22,HistGradientBoosting
2026-04-20 00:00:00,2026-04-21,690.87,4828.87,4698.4,672.2,130.47,2.78,HistGradientBoosting
2026-04-21 00:00:00,2026-04-22,673.95,4710.62,4732.5,677.08,21.88,0.46,HistGradientBoosting
2026-04-22 00:00:00,2026-04-23,676.79,4730.45,4705.1,673.16,25.35,0.54,HistGradientBoosting
2026-04-23 00:00:00,2026-04-24,671.37,4692.57,4722.3,675.62,29.73,0.63,HistGradientBoosting
2026-04-24 00:00:00,2026-04-27,672.8,4702.56,4675.4,668.91,27.16,0.58,HistGradientBoosting
2026-04-27 00:00:00,2026-04-28,671.51,4693.53,4591.5,656.91,102.03,2.22,HistGradientBoosting
2026-04-28 00:00:00,2026-04-29,658.09,4599.77,4545.2,650.29,54.57,1.2,HistGradientBoosting
2026-04-29 00:00:00,2026-04-30,653.52,4567.84,4614.7,660.23,46.86,1.02,HistGradientBoosting
2026-04-30 00:00:00,2026-05-01,667.41,4664.87,4629.9,662.4,34.97,0.76,HistGradientBoosting
2026-05-01 00:00:00,2026-05-04,664.54,4644.81,4519.5,646.61,125.31,2.77,HistGradientBoosting
2026-05-04 00:00:00,2026-05-05,648.87,4535.31,4555.8,651.8,20.49,0.45,HistGradientBoosting
2026-05-05 00:00:00,2026-05-06,655.63,4582.58,4681.9,669.84,99.32,2.12,HistGradientBoosting
2026-05-06 00:00:00,2026-05-07,667.68,4666.8,4699.8,672.4,33.0,0.7,HistGradientBoosting
2026-05-07 00:00:00,2026-05-08,673.42,4706.89,4720.4,675.35,13.51,0.29,HistGradientBoosting
2026-05-08 00:00:00,2026-05-11,676.62,4729.27,4718.7,675.11,10.57,0.22,HistGradientBoosting
2026-05-11 00:00:00,2026-05-12,676.08,4725.46,4677.6,669.23,47.86,1.02,HistGradientBoosting
2026-05-12 00:00:00,2026-05-13,672.32,4699.24,4697.7,672.1,1.53,0.03,HistGradientBoosting
2026-05-13 00:00:00,2026-05-14,672.88,4703.15,4678.1,669.3,25.05,0.54,HistGradientBoosting
2026-05-14 00:00:00,2026-05-15,669.76,4681.3,4555.8,651.8,125.5,2.75,HistGradientBoosting
2026-05-15 00:00:00,2026-05-18,655.71,4583.09,4552.5,651.33,30.59,0.67,HistGradientBoosting
2026-05-18 00:00:00,2026-05-19,651.44,4553.26,4506.3,644.72,46.96,1.04,HistGradientBoosting
2026-05-19 00:00:00,2026-05-20,648.01,4529.27,4531.3,648.3,2.03,0.04,HistGradientBoosting
2026-05-20 00:00:00,2026-05-21,648.77,4534.58,4539.8,649.51,5.22,0.12,HistGradientBoosting
2026-05-21 00:00:00,2026-05-22,651.36,4552.72,4521.0,646.82,31.72,0.7,HistGradientBoosting
2026-05-22 00:00:00,2026-05-26,648.62,4533.54,4500.4,643.88,33.14,0.74,HistGradientBoosting
2026-05-26 00:00:00,2026-05-27,644.35,4503.73,4447.5,636.31,56.23,1.26,HistGradientBoosting
2026-05-27 00:00:00,2026-05-28,638.2,4460.71,4499.3,643.72,38.59,0.86,HistGradientBoosting
2026-05-28 00:00:00,2026-05-29,642.75,4492.55,4560.5,652.47,67.95,1.49,HistGradientBoosting
2026-05-29 00:00:00,2026-06-01,652.52,4560.79,4475.2,640.27,85.59,1.91,HistGradientBoosting
2026-06-01 00:00:00,2026-06-02,641.11,4481.08,4489.1,642.26,8.02,0.18,HistGradientBoosting
2026-06-02 00:00:00,2026-06-03,641.74,4485.5,4436.7,634.76,48.8,1.1,HistGradientBoosting
2026-06-03 00:00:00,2026-06-04,636.72,4450.36,4475.8,640.36,25.44,0.57,HistGradientBoosting
2026-06-04 00:00:00,2026-06-05,640.31,4475.48,4337.1,620.51,138.38,3.19,HistGradientBoosting
2026-06-05 00:00:00,2026-06-08,615.25,4300.31,4335.9,620.34,35.59,0.82,HistGradientBoosting
2026-06-08 00:00:00,2026-06-09,619.34,4328.88,4260.0,609.48,68.88,1.62,HistGradientBoosting
2026-06-09 00:00:00,2026-06-10,610.45,4266.79,4108.2,587.76,158.59,3.86,HistGradientBoosting
2026-06-10 00:00:00,2026-06-11,588.32,4112.07,4090.3,585.2,21.77,0.53,HistGradientBoosting
2026-06-11 00:00:00,2026-06-12,590.48,4127.2,4215.0,603.04,87.8,2.08,HistGradientBoosting
2026-06-12 00:00:00,2026-06-15,605.58,4232.73,4328.0,619.21,95.27,2.2,HistGradientBoosting
2026-06-15 00:00:00,2026-06-16,618.63,4323.91,4330.9,619.63,6.99,0.16,HistGradientBoosting
2026-06-16 00:00:00,2026-06-17,617.31,4314.69,4358.9,623.63,44.21,1.01,HistGradientBoosting
2026-06-17 00:00:00,2026-06-18,621.46,4343.75,4224.1,604.35,119.65,2.83,HistGradientBoosting
2026-06-18 00:00:00,2026-06-22,603.13,4215.62,4181.9,598.31,33.72,0.81,HistGradientBoosting
2026-06-22 00:00:00,2026-06-23,597.87,4178.86,4129.9,590.87,48.96,1.19,HistGradientBoosting
2026-06-23 00:00:00,2026-06-24,588.47,4113.17,3990.3,570.9,122.87,3.08,HistGradientBoosting
2026-06-24 00:00:00,2026-06-25,566.64,3960.53,4030.5,576.65,69.97,1.74,HistGradientBoosting
2026-06-25 00:00:00,2026-06-26,575.09,4019.63,4078.7,583.54,59.07,1.45,HistGradientBoosting
2026-06-26 00:00:00,2026-06-29,587.01,4102.94,4022.3,575.47,80.64,2.0,HistGradientBoosting
2026-06-29 00:00:00,2026-06-30,577.99,4039.91,4022.9,575.56,17.01,0.42,HistGradientBoosting
2026-06-30 00:00:00,2026-07-01,575.48,4022.38,4068.3,582.06,45.92,1.13,HistGradientBoosting
2026-07-01 00:00:00,2026-07-02,577.16,4034.1,4112.7,588.41,78.6,1.91,HistGradientBoosting
2026-07-02 00:00:00,2026-07-06,582.91,4074.27,4155.1,594.47,80.83,1.95,HistGradientBoosting
2026-07-06 00:00:00,2026-07-07,595.89,4165.03,4145.3,593.07,19.73,0.48,HistGradientBoosting
2026-07-07 00:00:00,2026-07-08,593.66,4149.44,4070.9,582.43,78.54,1.93,HistGradientBoosting
2026-07-08 00:00:00,2026-07-09,584.16,4083.05,4130.6,590.97,47.55,1.15,HistGradientBoosting
2026-07-09 00:00:00,2026-07-10,594.16,4152.92,4104.1,587.18,48.82,1.19,HistGradientBoosting
2026-07-10 00:00:00,2026-07-13,589.53,4120.53,3997.0,571.85,123.53,3.09,HistGradientBoosting
2026-07-13 00:00:00,2026-07-14,576.34,4028.37,4061.1,581.02,32.73,0.81,HistGradientBoosting
2026-07-14 00:00:00,2026-07-15,583.75,4080.12,4044.0,578.58,36.12,0.89,HistGradientBoosting
2026-07-15 00:00:00,2026-07-16,580.48,4057.27,3985.6,570.22,71.67,1.8,HistGradientBoosting
2026-07-16 00:00:00,2026-07-17,572.87,4004.09,4012.7,574.1,8.61,0.21,HistGradientBoosting
2026-07-17 00:00:00,2026-07-20,575.67,4023.65,4010.3,573.76,13.35,0.33,HistGradientBoosting
2026-07-20 00:00:00,2026-07-21,573.11,4005.77,4071.1,582.46,65.33,1.6,HistGradientBoosting
2026-07-21 00:00:00,2026-07-22,585.71,4093.84,4146.9,593.3,53.06,1.28,HistGradientBoosting
2026-07-22 00:00:00,2026-07-23,594.12,4152.65,4046.6,578.95,106.05,2.62,HistGradientBoosting
2026-07-23 00:00:00,2026-07-24,583.84,4080.77,4067.6,581.95,13.17,0.32,HistGradientBoosting
2026-07-24 00:00:00,2026-07-27,585.79,4094.38,4074.5,582.94,19.88,0.49,HistGradientBoosting
2026-07-27 00:00:00,2026-07-28,585.85,4094.83,4036.3,577.48,58.53,1.45,HistGradientBoosting
2026-07-28 00:00:00,2026-07-29,580.91,4060.29,4034.7,577.25,25.59,0.63,HistGradientBoosting
2026-07-29 00:00:00,2026-07-30,580.36,4056.48,4100.1,586.6,43.62,1.06,HistGradientBoosting
2026-07-30 00:00:00,2026-07-31,589.07,4117.36,4049.1,579.31,68.26,1.69,HistGradientBoosting
2026-07-31 00:00:00,2026-08-03,582.09,4068.57,4033.7,577.1,34.87,0.86,HistGradientBoosting
2026-08-03 00:00:00,2026-08-04,578.57,4043.93,4095.4,585.93,51.47,1.26,HistGradientBoosting
2026-08-04 00:00:00,2026-08-05,587.26,4104.67,4245.8,607.45,141.13,3.32,HistGradientBoosting
2026-08-05 00:00:00,2026-08-06,605.81,4234.32,4242.0,606.91,7.68,0.18,HistGradientBoosting
2026-08-06 00:00:00,2026-08-07,602.75,4212.98,4340.7,621.03,127.73,2.94,HistGradientBoosting
2026-08-07 00:00:00,2026-08-10,619.16,4327.64,4361.8,624.05,34.16,0.78,HistGradientBoosting
2026-08-10 00:00:00,2026-08-11,618.92,4325.95,4383.0,627.08,57.05,1.3,HistGradientBoosting
2026-08-11 00:00:00,2026-08-12,623.42,4357.39,4408.9,630.78,51.51,1.17,HistGradientBoosting
2026-08-12 00:00:00,2026-08-13,629.77,4401.79,4363.6,624.3,38.19,0.88,HistGradientBoosting
2026-08-13 00:00:00,2026-08-14,622.28,4349.49,4380.4,626.71,30.91,0.71,HistGradientBoosting
2026-08-14 00:00:00,2026-08-17,624.76,4366.78,4417.8,632.06,51.02,1.15,HistGradientBoosting
2026-08-17 00:00:00,2026-08-18,629.48,4399.76,4366.0,624.65,33.76,0.77,HistGradientBoosting
2026-08-18 00:00:00,2026-08-19,624.78,4366.91,4489.4,642.3,122.49,2.73,HistGradientBoosting
2026-08-19 00:00:00,2026-08-20,638.59,4463.49,4516.3,646.15,52.81,1.17,HistGradientBoosting
2026-08-20 00:00:00,2026-08-21,581.33,4479.44,4680.6,607.43,201.16,4.3,HistGradientBoosting
2026-08-22 08:06:32,2026-08-22,594.98,4584.65,,,,,HistGradientBoosting
2026-08-22 08:06:32,2026-08-23,592.68,4566.93,,,,,HistGradientBoosting
2026-08-22 08:06:32,2026-08-24,589.18,4544.43,4640.8,601.67,96.37,2.08,HistGradientBoosting
2026-08-22 08:06:32,2026-08-25,586.17,4521.24,4638.1,601.32,116.86,2.52,HistGradientBoosting
2026-08-25 08:00:00,2026-08-26,605.23,4668.29,4598.2,596.15,70.09,1.52,MalaysianMultiTaskMTL
2026-08-25 08:00:00,2026-08-27,601.2,4637.14,4639.4,601.49,2.26,0.05,MalaysianMultiTaskMTL
2026-08-25 08:00:00,2026-08-28,597.89,4598.53,,,,,MalaysianMultiTaskMTL
2026-08-25 08:00:00,2026-08-29,595.27,4578.38,,,,,MalaysianMultiTaskMTL
2026-08-25 08:00:00,2026-08-30,596.76,4589.84,,,,,MalaysianMultiTaskMTL
2026-08-25 08:00:00,2026-08-31,596.39,4586.99,,,,,MalaysianMultiTaskMTL
2026-08-25 08:00:00,2026-09-01,596.02,4584.15,,,,,MalaysianMultiTaskMTL
2026-08-25 08:00:00,2026-09-02,626.77,4820.65,,,,,MalaysianMultiTaskMTL
2026-08-25 08:00:00,2026-09-03,627.34,4825.04,,,,,MalaysianMultiTaskMTL
2026-08-25 08:00:00,2026-09-04,627.33,4824.96,,,,,MalaysianMultiTaskMTL
2026-08-25 08:00:00,2026-09-05,627.74,4828.11,,,,,MalaysianMultiTaskMTL
2026-08-25 08:00:00,2026-09-06,630.71,4850.96,,,,,MalaysianMultiTaskMTL
2026-08-25 08:00:00,2026-09-07,633.08,4869.19,,,,,MalaysianMultiTaskMTL
2026-08-25 08:00:00,2026-09-08,634.86,4882.88,,,,,MalaysianMultiTaskMTL
2026-08-25 08:00:00,2026-09-09,634.49,4880.03,,,,,MalaysianMultiTaskMTL
2026-08-25 08:00:00,2026-09-10,635.99,4891.57,,,,,MalaysianMultiTaskMTL
2026-08-25 08:00:00,2026-09-11,638.3,4909.33,,,,,MalaysianMultiTaskMTL
2026-08-25 08:00:00,2026-09-12,640.21,4924.02,,,,,MalaysianMultiTaskMTL
2026-08-25 08:00:00,2026-09-13,641.65,4935.1,,,,,MalaysianMultiTaskMTL
2026-08-25 08:00:00,2026-09-14,642.7,4943.18,,,,,MalaysianMultiTaskMTL
2026-08-25 08:00:00,2026-09-15,642.83,4944.18,,,,,MalaysianMultiTaskMTL
2026-08-25 08:00:00,2026-09-16,643.36,4948.25,,,,,MalaysianMultiTaskMTL
2026-08-25 08:00:00,2026-09-17,643.61,4950.18,,,,,MalaysianMultiTaskMTL
2026-08-25 08:00:00,2026-09-18,645.97,4968.33,,,,,MalaysianMultiTaskMTL
2026-08-25 08:00:00,2026-09-19,648.56,4988.25,,,,,MalaysianMultiTaskMTL
2026-08-25 08:00:00,2026-09-20,650.79,5005.4,,,,,MalaysianMultiTaskMTL
2026-08-25 08:00:00,2026-09-21,653.93,5029.55,,,,,MalaysianMultiTaskMTL
2026-08-25 08:00:00,2026-09-22,653.9,5029.32,,,,,MalaysianMultiTaskMTL
2026-08-25 08:00:00,2026-09-23,656.61,5050.16,,,,,MalaysianMultiTaskMTL
2026-08-25 08:00:00,2026-09-24,659.46,5072.08,,,,,MalaysianMultiTaskMTL
2026-08-25 08:00:00,2026-09-25,665.78,5120.69,,,,,MalaysianMultiTaskMTL
2026-08-25 08:00:00,2026-09-26,667.77,5136.0,,,,,MalaysianMultiTaskMTL
2026-08-25 08:00:00,2026-09-27,671.11,5161.68,,,,,MalaysianMultiTaskMTL
2026-08-25 08:00:00,2026-09-28,673.83,5182.61,,,,,MalaysianMultiTaskMTL
2026-08-25 08:00:00,2026-09-29,677.1,5207.76,,,,,MalaysianMultiTaskMTL
2026-08-25 08:00:00,2026-09-30,680.69,5235.37,,,,,MalaysianMultiTaskMTL
2026-08-25 08:00:00,2026-10-01,682.75,5251.21,,,,,MalaysianMultiTaskMTL
2026-08-25 08:00:00,2026-10-02,685.48,5272.21,,,,,MalaysianMultiTaskMTL
2026-08-25 08:00:00,2026-10-03,689.69,5304.59,,,,,MalaysianMultiTaskMTL
2026-08-25 08:00:00,2026-10-04,691.74,5320.36,,,,,MalaysianMultiTaskMTL
2026-08-25 08:00:00,2026-10-05,695.07,5345.97,,,,,MalaysianMultiTaskMTL
2026-08-25 08:00:00,2026-10-06,697.05,5361.2,,,,,MalaysianMultiTaskMTL
2026-08-25 08:00:00,2026-10-07,700.44,5387.27,,,,,MalaysianMultiTaskMTL
2026-08-25 08:00:00,2026-10-08,702.31,5401.65,,,,,MalaysianMultiTaskMTL
2026-08-25 08:00:00,2026-10-09,705.47,5425.96,,,,,MalaysianMultiTaskMTL
2026-08-25 08:00:00,2026-10-10,707.54,5441.88,,,,,MalaysianMultiTaskMTL
2026-08-25 08:00:00,2026-10-11,710.92,5467.87,,,,,MalaysianMultiTaskMTL
2026-08-25 08:00:00,2026-10-12,713.82,5490.18,,,,,MalaysianMultiTaskMTL
2026-08-25 08:00:00,2026-10-13,716.92,5514.02,,,,,MalaysianMultiTaskMTL
2026-08-25 08:00:00,2026-10-14,719.64,5534.94,,,,,MalaysianMultiTaskMTL
2026-08-25 08:00:00,2026-10-15,721.03,5545.63,,,,,MalaysianMultiTaskMTL
2026-08-25 08:00:00,2026-10-16,724.76,5574.32,,,,,MalaysianMultiTaskMTL
2026-08-25 08:00:00,2026-10-17,728.12,5600.16,,,,,MalaysianMultiTaskMTL
2026-08-25 08:00:00,2026-10-18,730.1,5615.39,,,,,MalaysianMultiTaskMTL
2026-08-25 08:00:00,2026-10-19,732.2,5631.54,,,,,MalaysianMultiTaskMTL
2026-08-25 08:00:00,2026-10-20,734.22,5647.08,,,,,MalaysianMultiTaskMTL
2026-08-25 08:00:00,2026-10-21,735.93,5660.23,,,,,MalaysianMultiTaskMTL
2026-08-25 08:00:00,2026-10-22,739.36,5686.61,,,,,MalaysianMultiTaskMTL
2026-08-25 08:00:00,2026-10-23,741.92,5706.3,,,,,MalaysianMultiTaskMTL
2026-08-25 08:00:00,2026-10-24,744.75,5728.07,,,,,MalaysianMultiTaskMTL
2026-08-25 08:00:00,2026-10-25,747.59,5749.91,,,,,MalaysianMultiTaskMTL
2026-08-25 08:00:00,2026-10-26,749.55,5764.99,,,,,MalaysianMultiTaskMTL
2026-08-25 08:00:00,2026-10-27,751.71,5781.6,,,,,MalaysianMultiTaskMTL
2026-08-25 08:00:00,2026-10-28,753.77,5797.44,,,,,MalaysianMultiTaskMTL
2026-08-25 08:00:00,2026-10-29,756.99,5822.21,,,,,MalaysianMultiTaskMTL
2026-08-25 08:00:00,2026-10-30,759.59,5842.21,,,,,MalaysianMultiTaskMTL
2026-08-25 08:00:00,2026-10-31,761.82,5859.36,,,,,MalaysianMultiTaskMTL
2026-08-25 08:00:00,2026-11-01,764.12,5877.05,,,,,MalaysianMultiTaskMTL
2026-08-25 08:00:00,2026-11-02,767.53,5903.28,,,,,MalaysianMultiTaskMTL
2026-08-25 08:00:00,2026-11-03,770.19,5923.74,,,,,MalaysianMultiTaskMTL
2026-08-25 08:00:00,2026-11-04,772.66,5942.73,,,,,MalaysianMultiTaskMTL
2026-08-25 08:00:00,2026-11-05,776.2,5969.96,,,,,MalaysianMultiTaskMTL
2026-08-25 08:00:00,2026-11-06,778.6,5988.42,,,,,MalaysianMultiTaskMTL
2026-08-25 08:00:00,2026-11-07,781.42,6010.11,,,,,MalaysianMultiTaskMTL
2026-08-25 08:00:00,2026-11-08,784.07,6030.49,,,,,MalaysianMultiTaskMTL
2026-08-25 08:00:00,2026-11-09,787.53,6057.1,,,,,MalaysianMultiTaskMTL
2026-08-25 08:00:00,2026-11-10,789.77,6074.33,,,,,MalaysianMultiTaskMTL
2026-08-25 08:00:00,2026-11-11,794.26,6108.86,,,,,MalaysianMultiTaskMTL
2026-08-25 08:00:00,2026-11-12,797.74,6135.63,,,,,MalaysianMultiTaskMTL
2026-08-25 08:00:00,2026-11-13,799.61,6150.01,,,,,MalaysianMultiTaskMTL
2026-08-25 08:00:00,2026-11-14,801.5,6164.55,,,,,MalaysianMultiTaskMTL
2026-08-25 08:00:00,2026-11-15,804.6,6188.39,,,,,MalaysianMultiTaskMTL
2026-08-25 08:00:00,2026-11-16,809.08,6222.85,,,,,MalaysianMultiTaskMTL
2026-08-25 08:00:00,2026-11-17,812.06,6245.77,,,,,MalaysianMultiTaskMTL
2026-08-25 08:00:00,2026-11-18,814.64,6265.61,,,,,MalaysianMultiTaskMTL
2026-08-25 08:00:00,2026-11-19,817.15,6284.92,,,,,MalaysianMultiTaskMTL
2026-08-25 08:00:00,2026-11-20,820.9,6313.76,,,,,MalaysianMultiTaskMTL
2026-08-25 08:00:00,2026-11-21,823.51,6333.83,,,,,MalaysianMultiTaskMTL
2026-08-25 08:00:00,2026-11-22,827.89,6367.52,,,,,MalaysianMultiTaskMTL
2026-08-25 08:00:00,2026-11-23,832.05,6399.52,,,,,MalaysianMultiTaskMTL
2026-08-25 08:00:00,2026-11-24,834.83,6420.9,,,,,MalaysianMultiTaskMTL
2026-08-25 08:00:00,2026-11-25,836.43,6433.2,,,,,MalaysianMultiTaskMTL
2026-08-25 08:00:00,2026-11-26,838.3,6447.59,,,,,MalaysianMultiTaskMTL
2026-08-25 08:00:00,2026-11-27,841.91,6475.35,,,,,MalaysianMultiTaskMTL
2026-08-25 08:00:00,2026-11-28,844.76,6497.27,,,,,MalaysianMultiTaskMTL
2026-08-25 08:00:00,2026-11-29,847.44,6517.89,,,,,MalaysianMultiTaskMTL
2026-08-25 08:00:00,2026-11-30,851.22,6546.96,,,,,MalaysianMultiTaskMTL
2026-08-25 08:00:00,2026-12-01,854.7,6573.72,,,,,MalaysianMultiTaskMTL
2026-08-25 08:00:00,2026-12-02,856.4,6586.8,,,,,MalaysianMultiTaskMTL
2026-08-25 08:00:00,2026-12-03,860.62,6619.26,,,,,MalaysianMultiTaskMTL
2026-08-25 08:00:00,2026-12-04,863.65,6642.56,,,,,MalaysianMultiTaskMTL
2026-08-25 08:00:00,2026-12-05,866.29,6662.87,,,,,MalaysianMultiTaskMTL
2026-08-25 08:00:00,2026-12-06,868.93,6683.17,,,,,MalaysianMultiTaskMTL
2026-08-25 08:00:00,2026-12-07,873.33,6717.01,,,,,MalaysianMultiTaskMTL
2026-08-25 08:00:00,2026-12-08,875.8,6736.01,,,,,MalaysianMultiTaskMTL
2026-08-25 08:00:00,2026-12-09,880.45,6771.77,,,,,MalaysianMultiTaskMTL
2026-08-25 08:00:00,2026-12-10,884.44,6802.46,,,,,MalaysianMultiTaskMTL
2026-08-25 08:00:00,2026-12-11,886.89,6821.31,,,,,MalaysianMultiTaskMTL
2026-08-25 08:00:00,2026-12-12,889.61,6842.23,,,,,MalaysianMultiTaskMTL
2026-08-25 08:00:00,2026-12-13,891.86,6859.53,,,,,MalaysianMultiTaskMTL
2026-08-25 08:00:00,2026-12-14,896.05,6891.76,,,,,MalaysianMultiTaskMTL
2026-08-25 08:00:00,2026-12-15,899.03,6914.68,,,,,MalaysianMultiTaskMTL
2026-08-25 08:00:00,2026-12-16,901.11,6930.68,,,,,MalaysianMultiTaskMTL
2026-08-25 08:00:00,2026-12-17,904.88,6959.67,,,,,MalaysianMultiTaskMTL
2026-08-25 08:00:00,2026-12-18,908.36,6986.44,,,,,MalaysianMultiTaskMTL
2026-08-25 08:00:00,2026-12-19,910.69,7004.36,,,,,MalaysianMultiTaskMTL
2026-08-25 08:00:00,2026-12-20,915.4,7040.58,,,,,MalaysianMultiTaskMTL
2026-08-25 08:00:00,2026-12-21,919.23,7070.04,,,,,MalaysianMultiTaskMTL
2026-08-25 08:00:00,2026-12-22,922.17,7092.65,,,,,MalaysianMultiTaskMTL
2026-08-25 08:00:00,2026-12-23,924.69,7112.04,,,,,MalaysianMultiTaskMTL
2026-08-25 08:00:00,2026-12-24,928.78,7143.49,,,,,MalaysianMultiTaskMTL
2026-08-25 08:00:00,2026-12-25,932.38,7171.18,,,,,MalaysianMultiTaskMTL
2026-08-25 08:00:00,2026-12-26,935.04,7191.64,,,,,MalaysianMultiTaskMTL
2026-08-25 08:00:00,2026-12-27,938.59,7218.94,,,,,MalaysianMultiTaskMTL
2026-08-25 08:00:00,2026-12-28,942.29,7247.4,,,,,MalaysianMultiTaskMTL
2026-08-25 08:00:00,2026-12-29,946.69,7281.24,,,,,MalaysianMultiTaskMTL
2026-08-25 08:00:00,2026-12-30,949.32,7301.47,,,,,MalaysianMultiTaskMTL
2026-08-25 08:00:00,2026-12-31,954.18,7338.85,,,,,MalaysianMultiTaskMTL
2026-08-25 08:00:00,2027-01-01,958.75,7374.0,,,,,MalaysianMultiTaskMTL
2026-08-25 08:00:00,2027-01-02,964.27,7416.46,,,,,MalaysianMultiTaskMTL
2026-08-25 08:00:00,2027-01-03,968.63,7449.99,,,,,MalaysianMultiTaskMTL
2026-08-25 08:00:00,2027-01-04,973.38,7486.52,,,,,MalaysianMultiTaskMTL
2026-08-25 08:00:00,2027-01-05,977.48,7518.06,,,,,MalaysianMultiTaskMTL
2026-08-25 08:00:00,2027-01-06,981.64,7550.05,,,,,MalaysianMultiTaskMTL
2026-08-25 08:00:00,2027-01-07,985.34,7578.51,,,,,MalaysianMultiTaskMTL
2026-08-25 08:00:00,2027-01-08,988.84,7605.43,,,,,MalaysianMultiTaskMTL
2026-08-25 08:00:00,2027-01-09,992.75,7635.5,,,,,MalaysianMultiTaskMTL
2026-08-25 08:00:00,2027-01-10,996.85,7667.04,,,,,MalaysianMultiTaskMTL
2026-08-25 08:00:00,2027-01-11,1001.13,7699.96,,,,,MalaysianMultiTaskMTL
2026-08-25 08:00:00,2027-01-12,1005.04,7730.03,,,,,MalaysianMultiTaskMTL
2026-08-25 08:00:00,2027-01-13,1008.78,7758.79,,,,,MalaysianMultiTaskMTL
2026-08-25 08:00:00,2027-01-14,1012.46,7787.1,,,,,MalaysianMultiTaskMTL
2026-08-25 08:00:00,2027-01-15,1016.41,7817.48,,,,,MalaysianMultiTaskMTL
2026-08-25 08:00:00,2027-01-16,1020.86,7851.7,,,,,MalaysianMultiTaskMTL
2026-08-25 08:00:00,2027-01-17,1025.27,7885.62,,,,,MalaysianMultiTaskMTL
2026-08-25 08:00:00,2027-01-18,1029.59,7918.85,,,,,MalaysianMultiTaskMTL
2026-08-25 08:00:00,2027-01-19,1034.04,7953.08,,,,,MalaysianMultiTaskMTL
2026-08-25 08:00:00,2027-01-20,1038.5,7987.38,,,,,MalaysianMultiTaskMTL
2026-08-25 08:00:00,2027-01-21,1043.36,8024.76,,,,,MalaysianMultiTaskMTL
2026-08-25 08:00:00,2027-01-22,1047.65,8057.75,,,,,MalaysianMultiTaskMTL
2026-08-25 08:00:00,2027-01-23,1052.12,8092.13,,,,,MalaysianMultiTaskMTL
2026-08-25 08:00:00,2027-01-24,1056.42,8125.21,,,,,MalaysianMultiTaskMTL
2026-08-25 08:00:00,2027-01-25,1060.75,8158.51,,,,,MalaysianMultiTaskMTL
2026-08-25 08:00:00,2027-01-26,1064.79,8189.58,,,,,MalaysianMultiTaskMTL
2026-08-25 08:00:00,2027-01-27,1068.88,8221.04,,,,,MalaysianMultiTaskMTL
2026-08-25 08:00:00,2027-01-28,1072.91,8252.04,,,,,MalaysianMultiTaskMTL
2026-08-25 08:00:00,2027-01-29,1076.59,8280.34,,,,,MalaysianMultiTaskMTL
2026-08-25 08:00:00,2027-01-30,1079.71,8304.34,,,,,MalaysianMultiTaskMTL
2026-08-25 08:00:00,2027-01-31,1085.12,8345.95,,,,,MalaysianMultiTaskMTL
2026-08-25 08:00:00,2027-02-01,1090.33,8386.02,,,,,MalaysianMultiTaskMTL
2026-08-25 08:00:00,2027-02-02,1092.93,8406.01,,,,,MalaysianMultiTaskMTL
2026-08-25 08:00:00,2027-02-03,1096.27,8431.7,,,,,MalaysianMultiTaskMTL
2026-08-25 08:00:00,2027-02-04,1098.18,8446.39,,,,,MalaysianMultiTaskMTL
2026-08-25 08:00:00,2027-02-05,1101.93,8475.24,,,,,MalaysianMultiTaskMTL
2026-08-25 08:00:00,2027-02-06,1107.03,8514.46,,,,,MalaysianMultiTaskMTL
2026-08-25 08:00:00,2027-02-07,1111.81,8551.23,,,,,MalaysianMultiTaskMTL
2026-08-25 08:00:00,2027-02-08,1116.18,8584.84,,,,,MalaysianMultiTaskMTL
2026-08-25 08:00:00,2027-02-09,1120.21,8615.83,,,,,MalaysianMultiTaskMTL
2026-08-25 08:00:00,2027-02-10,1123.93,8644.44,,,,,MalaysianMultiTaskMTL
2026-08-25 08:00:00,2027-02-11,1127.87,8674.75,,,,,MalaysianMultiTaskMTL
2026-08-25 08:00:00,2027-02-12,1132.54,8710.67,,,,,MalaysianMultiTaskMTL
2026-08-25 08:00:00,2027-02-13,1138.02,8752.81,,,,,MalaysianMultiTaskMTL
2026-08-25 08:00:00,2027-02-14,1143.38,8794.04,,,,,MalaysianMultiTaskMTL
2026-08-25 08:00:00,2027-02-15,1147.9,8828.8,,,,,MalaysianMultiTaskMTL
2026-08-25 08:00:00,2027-02-16,1151.79,8858.72,,,,,MalaysianMultiTaskMTL
2026-08-25 08:00:00,2027-02-17,1156.1,8891.87,,,,,MalaysianMultiTaskMTL
2026-08-25 08:00:00,2027-02-18,1160.47,8925.48,,,,,MalaysianMultiTaskMTL
2026-08-25 08:00:00,2027-02-19,1163.78,8950.94,,,,,MalaysianMultiTaskMTL
2026-08-25 08:00:00,2027-02-20,1168.01,8983.47,,,,,MalaysianMultiTaskMTL
2026-08-25 08:00:00,2027-02-21,1172.2,9015.7,,,,,MalaysianMultiTaskMTL
2026-08-25 08:00:00,2027-02-22,1176.41,9048.08,,,,,MalaysianMultiTaskMTL
2026-08-25 08:00:00,2027-02-23,1180.65,9080.69,,,,,MalaysianMultiTaskMTL
2026-08-25 08:00:00,2027-02-24,1185.68,9119.38,,,,,MalaysianMultiTaskMTL
2026-08-25 08:00:00,2027-02-25,1190.75,9158.37,,,,,MalaysianMultiTaskMTL
2026-08-25 08:00:00,2027-02-26,1195.8,9197.21,,,,,MalaysianMultiTaskMTL
2026-08-25 08:00:00,2027-02-27,1202.02,9245.05,,,,,MalaysianMultiTaskMTL
2026-08-25 08:00:00,2027-02-28,1207.28,9285.51,,,,,MalaysianMultiTaskMTL
2026-08-25 08:00:00,2027-03-01,1212.56,9326.12,,,,,MalaysianMultiTaskMTL
2026-08-25 08:00:00,2027-03-02,1216.28,9354.73,,,,,MalaysianMultiTaskMTL
2026-08-25 08:00:00,2027-03-03,1219.55,9379.88,,,,,MalaysianMultiTaskMTL
2026-08-25 08:00:00,2027-03-04,1222.23,9400.49,,,,,MalaysianMultiTaskMTL
2026-08-25 08:00:00,2027-03-05,1225.62,9426.57,,,,,MalaysianMultiTaskMTL
2026-08-25 08:00:00,2027-03-06,1231.46,9471.49,,,,,MalaysianMultiTaskMTL
2026-08-25 08:00:00,2027-03-07,1236.85,9512.94,,,,,MalaysianMultiTaskMTL
2026-08-25 08:00:00,2027-03-08,1240.88,9543.94,,,,,MalaysianMultiTaskMTL
2026-08-25 08:00:00,2027-03-09,1245.67,9580.78,,,,,MalaysianMultiTaskMTL
2026-08-25 08:00:00,2027-03-10,1250.44,9617.47,,,,,MalaysianMultiTaskMTL
2026-08-25 08:00:00,2027-03-11,1254.94,9652.08,,,,,MalaysianMultiTaskMTL
2026-08-25 08:00:00,2027-03-12,1259.48,9686.99,,,,,MalaysianMultiTaskMTL
2026-08-25 08:00:00,2027-03-13,1264.13,9722.76,,,,,MalaysianMultiTaskMTL
2026-08-25 08:00:00,2027-03-14,1269.2,9761.75,,,,,MalaysianMultiTaskMTL
2026-08-25 08:00:00,2027-03-15,1273.86,9797.59,,,,,MalaysianMultiTaskMTL
2026-08-25 08:00:00,2027-03-16,1279.63,9841.97,,,,,MalaysianMultiTaskMTL
2026-08-25 08:00:00,2027-03-17,1285.51,9887.2,,,,,MalaysianMultiTaskMTL
2026-08-25 08:00:00,2027-03-18,1289.78,9920.04,,,,,MalaysianMultiTaskMTL
2026-08-25 08:00:00,2027-03-19,1293.02,9944.96,,,,,MalaysianMultiTaskMTL
2026-08-25 08:00:00,2027-03-20,1299.22,9992.65,,,,,MalaysianMultiTaskMTL
2026-08-25 08:00:00,2027-03-21,1304.72,10034.95,,,,,MalaysianMultiTaskMTL
2026-08-25 08:00:00,2027-03-22,1308.49,10063.94,,,,,MalaysianMultiTaskMTL
2026-08-25 08:00:00,2027-03-23,1314.95,10113.63,,,,,MalaysianMultiTaskMTL
2026-08-25 08:00:00,2027-03-24,1319.92,10151.85,,,,,MalaysianMultiTaskMTL
2026-08-25 08:00:00,2027-03-25,1324.17,10184.54,,,,,MalaysianMultiTaskMTL
2026-08-25 08:00:00,2027-03-26,1328.76,10219.85,,,,,MalaysianMultiTaskMTL
2026-08-25 08:00:00,2027-03-27,1333.46,10255.99,,,,,MalaysianMultiTaskMTL
2026-08-25 08:00:00,2027-03-28,1338.83,10297.3,,,,,MalaysianMultiTaskMTL
2026-08-25 08:00:00,2027-03-29,1343.75,10335.14,,,,,MalaysianMultiTaskMTL
2026-08-25 08:00:00,2027-03-30,1349.93,10382.67,,,,,MalaysianMultiTaskMTL
2026-08-25 08:00:00,2027-03-31,1356.15,10430.51,,,,,MalaysianMultiTaskMTL
2026-08-25 08:00:00,2027-04-01,1360.68,10465.35,,,,,MalaysianMultiTaskMTL
2026-08-25 08:00:00,2027-04-02,1363.89,10490.04,,,,,MalaysianMultiTaskMTL
2026-08-25 08:00:00,2027-04-03,1369.81,10535.57,,,,,MalaysianMultiTaskMTL
2026-08-25 08:00:00,2027-04-04,1375.34,10578.1,,,,,MalaysianMultiTaskMTL
2026-08-25 08:00:00,2027-04-05,1379.71,10611.72,,,,,MalaysianMultiTaskMTL
2026-08-25 08:00:00,2027-04-06,1386.61,10664.78,,,,,MalaysianMultiTaskMTL
2026-08-25 08:00:00,2027-04-07,1391.73,10704.16,,,,,MalaysianMultiTaskMTL
2026-08-25 08:00:00,2027-04-08,1394.91,10728.62,,,,,MalaysianMultiTaskMTL
2026-08-25 08:00:00,2027-04-09,1400.75,10773.54,,,,,MalaysianMultiTaskMTL
2026-08-25 08:00:00,2027-04-10,1406.73,10819.53,,,,,MalaysianMultiTaskMTL
2026-08-25 08:00:00,2027-04-11,1412.15,10861.22,,,,,MalaysianMultiTaskMTL
2026-08-25 08:00:00,2027-04-12,1416.54,10894.98,,,,,MalaysianMultiTaskMTL
2026-08-25 08:00:00,2027-04-13,1422.29,10939.21,,,,,MalaysianMultiTaskMTL
2026-08-25 08:00:00,2027-04-14,1427.97,10982.9,,,,,MalaysianMultiTaskMTL
2026-08-25 08:00:00,2027-04-15,1431.9,11013.12,,,,,MalaysianMultiTaskMTL
2026-08-25 08:00:00,2027-04-16,1437.78,11058.35,,,,,MalaysianMultiTaskMTL
2026-08-25 08:00:00,2027-04-17,1444.03,11106.42,,,,,MalaysianMultiTaskMTL
2026-08-25 08:00:00,2027-04-18,1449.48,11148.33,,,,,MalaysianMultiTaskMTL
2026-08-25 08:00:00,2027-04-19,1453.98,11182.95,,,,,MalaysianMultiTaskMTL
2026-08-25 08:00:00,2027-04-20,1460.54,11233.4,,,,,MalaysianMultiTaskMTL
2026-08-25 08:00:00,2027-04-21,1465.97,11275.16,,,,,MalaysianMultiTaskMTL
2026-08-25 08:00:00,2027-04-22,1473.74,11334.92,,,,,MalaysianMultiTaskMTL
2026-08-25 08:00:00,2027-04-23,1480.21,11384.69,,,,,MalaysianMultiTaskMTL
2026-08-25 08:00:00,2027-04-24,1485.09,11422.22,,,,,MalaysianMultiTaskMTL
2026-08-25 08:00:00,2027-04-25,1488.35,11447.29,,,,,MalaysianMultiTaskMTL
2026-08-25 08:00:00,2027-04-26,1495.28,11500.59,,,,,MalaysianMultiTaskMTL
2026-08-25 08:00:00,2027-04-27,1500.73,11542.51,,,,,MalaysianMultiTaskMTL
2026-08-25 08:00:00,2027-04-28,1506.69,11588.35,,,,,MalaysianMultiTaskMTL
2026-08-25 08:00:00,2027-04-29,1512.7,11634.58,,,,,MalaysianMultiTaskMTL
2026-08-25 08:00:00,2027-04-30,1515.97,11659.73,,,,,MalaysianMultiTaskMTL
2026-08-25 08:00:00,2027-05-01,1522.47,11709.72,,,,,MalaysianMultiTaskMTL
2026-08-25 08:00:00,2027-05-02,1528.19,11753.71,,,,,MalaysianMultiTaskMTL
2026-08-25 08:00:00,2027-05-03,1533.65,11795.71,,,,,MalaysianMultiTaskMTL
2026-08-25 08:00:00,2027-05-04,1541.06,11852.7,,,,,MalaysianMultiTaskMTL
2026-08-25 08:00:00,2027-05-05,1546.69,11896.0,,,,,MalaysianMultiTaskMTL
2026-08-25 08:00:00,2027-05-06,1554.43,11955.53,,,,,MalaysianMultiTaskMTL
2026-08-25 08:00:00,2027-05-07,1560.83,12004.76,,,,,MalaysianMultiTaskMTL
2026-08-25 08:00:00,2027-05-08,1566.1,12045.29,,,,,MalaysianMultiTaskMTL
2026-08-25 08:00:00,2027-05-09,1570.49,12079.05,,,,,MalaysianMultiTaskMTL
2026-08-25 08:00:00,2027-05-10,1575.15,12114.9,,,,,MalaysianMultiTaskMTL
2026-08-25 08:00:00,2027-05-11,1581.63,12164.74,,,,,MalaysianMultiTaskMTL
2026-08-25 08:00:00,2027-05-12,1588.24,12215.57,,,,,MalaysianMultiTaskMTL
2026-08-25 08:00:00,2027-05-13,1592.74,12250.19,,,,,MalaysianMultiTaskMTL
2026-08-25 08:00:00,2027-05-14,1599.43,12301.64,,,,,MalaysianMultiTaskMTL
2026-08-25 08:00:00,2027-05-15,1606.24,12354.02,,,,,MalaysianMultiTaskMTL
2026-08-25 08:00:00,2027-05-16,1611.58,12395.09,,,,,MalaysianMultiTaskMTL
2026-08-25 08:00:00,2027-05-17,1619.17,12453.47,,,,,MalaysianMultiTaskMTL
2026-08-25 08:00:00,2027-05-18,1625.33,12500.84,,,,,MalaysianMultiTaskMTL
2026-08-25 08:00:00,2027-05-19,1634.55,12571.76,,,,,MalaysianMultiTaskMTL
2026-08-25 08:00:00,2027-05-20,1641.08,12621.98,,,,,MalaysianMultiTaskMTL
2026-08-25 08:00:00,2027-05-21,1647.25,12669.44,,,,,MalaysianMultiTaskMTL
2026-08-25 08:00:00,2027-05-22,1652.19,12707.43,,,,,MalaysianMultiTaskMTL
2026-08-25 08:00:00,2027-05-23,1655.5,12732.89,,,,,MalaysianMultiTaskMTL
2026-08-25 08:00:00,2027-05-24,1663.16,12791.8,,,,,MalaysianMultiTaskMTL
2026-08-25 08:00:00,2027-05-25,1669.63,12841.57,,,,,MalaysianMultiTaskMTL
2026-08-25 08:00:00,2027-05-26,1679.16,12914.86,,,,,MalaysianMultiTaskMTL
2026-08-25 08:00:00,2027-05-27,1686.23,12969.24,,,,,MalaysianMultiTaskMTL
2026-08-25 08:00:00,2027-05-28,1692.09,13014.31,,,,,MalaysianMultiTaskMTL
2026-08-25 08:00:00,2027-05-29,1697.0,13052.08,,,,,MalaysianMultiTaskMTL
2026-08-25 08:00:00,2027-05-30,1701.41,13086.0,,,,,MalaysianMultiTaskMTL
2026-08-25 08:00:00,2027-05-31,1709.9,13151.29,,,,,MalaysianMultiTaskMTL
2026-08-25 08:00:00,2027-06-01,1716.07,13198.75,,,,,MalaysianMultiTaskMTL
2026-08-25 08:00:00,2027-06-02,1722.61,13249.05,,,,,MalaysianMultiTaskMTL
2026-08-25 08:00:00,2027-06-03,1728.45,13293.97,,,,,MalaysianMultiTaskMTL
2026-08-25 08:00:00,2027-06-04,1733.54,13333.12,,,,,MalaysianMultiTaskMTL
2026-08-25 08:00:00,2027-06-05,1741.89,13397.34,,,,,MalaysianMultiTaskMTL
2026-08-25 08:00:00,2027-06-06,1749.3,13454.33,,,,,MalaysianMultiTaskMTL
2026-08-25 08:00:00,2027-06-07,1754.89,13497.32,,,,,MalaysianMultiTaskMTL
2026-08-25 08:00:00,2027-06-08,1760.25,13538.55,,,,,MalaysianMultiTaskMTL
2026-08-25 08:00:00,2027-06-09,1768.39,13601.16,,,,,MalaysianMultiTaskMTL
2026-08-25 08:00:00,2027-06-10,1774.53,13648.38,,,,,MalaysianMultiTaskMTL
2026-08-25 08:00:00,2027-06-11,1783.74,13719.22,,,,,MalaysianMultiTaskMTL
2026-08-25 08:00:00,2027-06-12,1790.83,13773.75,,,,,MalaysianMultiTaskMTL
2026-08-25 08:00:00,2027-06-13,1797.59,13825.74,,,,,MalaysianMultiTaskMTL
2026-08-25 08:00:00,2027-06-14,1804.17,13876.35,,,,,MalaysianMultiTaskMTL
2026-08-25 08:00:00,2027-06-15,1809.2,13915.04,,,,,MalaysianMultiTaskMTL
2026-08-25 08:00:00,2027-06-16,1814.64,13956.88,,,,,MalaysianMultiTaskMTL
2026-08-25 08:00:00,2027-06-17,1822.85,14020.02,,,,,MalaysianMultiTaskMTL
2026-08-25 08:00:00,2027-06-18,1828.83,14066.02,,,,,MalaysianMultiTaskMTL
2026-08-25 08:00:00,2027-06-19,1838.27,14138.62,,,,,MalaysianMultiTaskMTL
2026-08-25 08:00:00,2027-06-20,1844.19,14184.15,,,,,MalaysianMultiTaskMTL
2026-08-25 08:00:00,2027-06-21,1853.62,14256.68,,,,,MalaysianMultiTaskMTL
2026-08-25 08:00:00,2027-06-22,1861.47,14317.06,,,,,MalaysianMultiTaskMTL
2026-08-25 08:00:00,2027-06-23,1866.36,14354.67,,,,,MalaysianMultiTaskMTL
2026-08-25 08:00:00,2027-06-24,1875.9,14428.04,,,,,MalaysianMultiTaskMTL
2026-08-25 08:00:00,2027-06-25,1883.1,14483.42,,,,,MalaysianMultiTaskMTL
2026-08-25 08:00:00,2027-06-26,1888.59,14525.65,,,,,MalaysianMultiTaskMTL
2026-08-25 08:00:00,2027-06-27,1894.09,14567.95,,,,,MalaysianMultiTaskMTL
2026-08-25 08:00:00,2027-06-28,1904.14,14645.25,,,,,MalaysianMultiTaskMTL
2026-08-25 08:00:00,2027-06-29,1911.09,14698.7,,,,,MalaysianMultiTaskMTL
2026-08-25 08:00:00,2027-06-30,1918.3,14754.15,,,,,MalaysianMultiTaskMTL
2026-08-25 08:00:00,2027-07-01,1925.53,14809.76,,,,,MalaysianMultiTaskMTL
2026-08-25 08:00:00,2027-07-02,1930.28,14846.3,,,,,MalaysianMultiTaskMTL
2026-08-25 08:00:00,2027-07-03,1939.91,14920.36,,,,,MalaysianMultiTaskMTL
2026-08-25 08:00:00,2027-07-04,1946.51,14971.12,,,,,MalaysianMultiTaskMTL
2026-08-25 08:00:00,2027-07-05,1957.6,15056.42,,,,,MalaysianMultiTaskMTL
2026-08-25 08:00:00,2027-07-06,1965.86,15119.95,,,,,MalaysianMultiTaskMTL
2026-08-25 08:00:00,2027-07-07,1973.39,15177.87,,,,,MalaysianMultiTaskMTL
2026-08-25 08:00:00,2027-07-08,1978.68,15218.55,,,,,MalaysianMultiTaskMTL
2026-08-25 08:00:00,2027-07-09,1984.8,15265.62,,,,,MalaysianMultiTaskMTL
2026-08-25 08:00:00,2027-07-10,1991.05,15313.69,,,,,MalaysianMultiTaskMTL
2026-08-25 08:00:00,2027-07-11,2000.46,15386.07,,,,,MalaysianMultiTaskMTL
2026-08-25 08:00:00,2027-07-12,2007.17,15437.68,,,,,MalaysianMultiTaskMTL
2026-08-25 08:00:00,2027-07-13,2017.47,15516.9,,,,,MalaysianMultiTaskMTL
2026-08-25 08:00:00,2027-07-14,2026.66,15587.58,,,,,MalaysianMultiTaskMTL
2026-08-25 08:00:00,2027-07-15,2032.35,15631.34,,,,,MalaysianMultiTaskMTL
2026-08-25 08:00:00,2027-07-16,2038.68,15680.03,,,,,MalaysianMultiTaskMTL
2026-08-25 08:00:00,2027-07-17,2046.57,15740.71,,,,,MalaysianMultiTaskMTL
2026-08-25 08:00:00,2027-07-18,2053.69,15795.47,,,,,MalaysianMultiTaskMTL
2026-08-25 08:00:00,2027-07-19,2061.25,15853.62,,,,,MalaysianMultiTaskMTL
2026-08-25 08:00:00,2027-07-20,2068.19,15907.0,,,,,MalaysianMultiTaskMTL
2026-08-25 08:00:00,2027-07-21,2078.23,15984.22,,,,,MalaysianMultiTaskMTL
2026-08-25 08:00:00,2027-07-22,2086.35,16046.67,,,,,MalaysianMultiTaskMTL
2026-08-25 08:00:00,2027-07-23,2091.92,16089.51,,,,,MalaysianMultiTaskMTL
2026-08-25 08:00:00,2027-07-24,2101.64,16164.27,,,,,MalaysianMultiTaskMTL
2026-08-25 08:00:00,2027-07-25,2109.56,16225.18,,,,,MalaysianMultiTaskMTL
2026-08-25 08:00:00,2027-07-26,2119.3,16300.1,,,,,MalaysianMultiTaskMTL
2026-08-25 08:00:00,2027-07-27,2126.58,16356.09,,,,,MalaysianMultiTaskMTL
2026-08-25 08:00:00,2027-07-28,2138.45,16447.39,,,,,MalaysianMultiTaskMTL
2026-08-25 08:00:00,2027-07-29,2147.06,16513.61,,,,,MalaysianMultiTaskMTL
2026-08-25 08:00:00,2027-07-30,2155.26,16576.68,,,,,MalaysianMultiTaskMTL
2026-08-25 08:00:00,2027-07-31,2161.48,16624.52,,,,,MalaysianMultiTaskMTL
2026-08-25 08:00:00,2027-08-01,2168.29,16676.89,,,,,MalaysianMultiTaskMTL
2026-08-25 08:00:00,2027-08-02,2175.0,16728.5,,,,,MalaysianMultiTaskMTL
2026-08-25 08:00:00,2027-08-03,2183.92,16797.11,,,,,MalaysianMultiTaskMTL
2026-08-25 08:00:00,2027-08-04,2193.02,16867.1,,,,,MalaysianMultiTaskMTL
2026-08-25 08:00:00,2027-08-05,2199.23,16914.86,,,,,MalaysianMultiTaskMTL
2026-08-25 08:00:00,2027-08-06,2209.01,16990.08,,,,,MalaysianMultiTaskMTL
2026-08-25 08:00:00,2027-08-07,2216.39,17046.84,,,,,MalaysianMultiTaskMTL
2026-08-25 08:00:00,2027-08-08,2229.07,17144.37,,,,,MalaysianMultiTaskMTL
2026-08-25 08:00:00,2027-08-09,2238.76,17218.9,,,,,MalaysianMultiTaskMTL
2026-08-25 08:00:00,2027-08-10,2246.06,17275.04,,,,,MalaysianMultiTaskMTL
2026-08-25 08:00:00,2027-08-11,2250.64,17310.27,,,,,MalaysianMultiTaskMTL
2026-08-25 08:00:00,2027-08-12,2262.13,17398.64,,,,,MalaysianMultiTaskMTL
2026-08-25 08:00:00,2027-08-13,2269.93,17458.63,,,,,MalaysianMultiTaskMTL
2026-08-25 08:00:00,2027-08-14,2282.44,17554.85,,,,,MalaysianMultiTaskMTL
2026-08-25 08:00:00,2027-08-15,2292.14,17629.46,,,,,MalaysianMultiTaskMTL
2026-08-25 08:00:00,2027-08-16,2299.21,17683.83,,,,,MalaysianMultiTaskMTL
2026-08-25 08:00:00,2027-08-17,2304.07,17721.21,,,,,MalaysianMultiTaskMTL
2026-08-25 08:00:00,2027-08-18,2315.1,17806.05,,,,,MalaysianMultiTaskMTL
2026-08-25 08:00:00,2027-08-19,2323.8,17872.96,,,,,MalaysianMultiTaskMTL
2026-08-25 08:00:00,2027-08-20,2332.0,17936.03,,,,,MalaysianMultiTaskMTL
2026-08-25 08:00:00,2027-08-21,2339.55,17994.1,,,,,MalaysianMultiTaskMTL
2026-08-25 08:00:00,2027-08-22,2349.28,18068.94,,,,,MalaysianMultiTaskMTL
2026-08-25 08:00:00,2027-08-23,2358.43,18139.31,,,,,MalaysianMultiTaskMTL
2026-08-25 08:00:00,2027-08-24,2365.16,18191.07,,,,,MalaysianMultiTaskMTL
2026-08-25 08:00:00,2027-08-25,2377.08,18282.75,,,,,MalaysianMultiTaskMTL
